Country,Region,Species,Variety,ProcessingMethod,Aroma,Flavor,Aftertaste,Acidity,Body,Balance,Uniformity,Sweetness,Moisture,TotalScore,QualityCategory
Brazil,Unknown,Arabica,Arusha,Natural / Dry,7.67,7.58,7.42,7,7.5,7.58,10,10,0.12,82.25,MODERATE
Brazil,Unknown,Arabica,Unknown,Natural / Dry,7.875,7.835,7.795,7.875,7.835,8.29,10,10,0.105,85.29,HIGH
Brazil,Unknown,Arabica,Unknown,Washed / Wet,7,6.75,6.67,6.83,7.08,6.83,10,10,0.11,77.83,LOW
Brazil,alta paulista (sao paulo),Arabica,Mundo Novo,Natural / Dry,7.58,7.42,7.5,7.25,7.75,7.58,9.33,9.33,0.11,81.08,MODERATE
Brazil,campos altos - cerrado,Arabica,Unknown,Unknown,7.4175,7.2925,7.2075,7.3325,7.2925,7.2325,9.5,10,0.085,80.4375,MODERATE
Brazil,cerrado,Arabica,Catuai,Natural / Dry,7.33,7.5,7.5,7.33,7.5,7.5,10,10,0.11,82.33,MODERATE
Brazil,cerrado,Arabica,Catuai,Semi-washed / Semi-pulped,7.42,7.5,7.25,7.5,7.5,7.42,10,10,0.11,82,MODERATE
Brazil,cerrado,Arabica,Mundo Novo,Natural / Dry,7.625,7.625,7.625,7.5,7.665,7.585,10,10,0.12,81.585,MODERATE
Brazil,cerrado,Arabica,Mundo Novo,Unknown,7.33,7.67,7.25,7.5,7.5,7.25,10,10,0.02,81.83,MODERATE
Brazil,grama valley,Arabica,Mundo Novo,Natural / Dry,7.666666667,7.693333333,7.5,7.61,7.5,7.53,10,10,0.12,83.08333333,MODERATE
Brazil,grama valley,Arabica,Yellow Bourbon,Semi-washed / Semi-pulped,7.75,7.67,7.5,7.58,7.58,7.58,10,10,0.11,83.25,MODERATE
Brazil,high mogiana,Arabica,Catuai,Natural / Dry,7.67,7.67,7.67,7.5,7.42,7.5,10,10,0,83,MODERATE
Brazil,mogiana,Arabica,Mundo Novo,Natural / Dry,7.92,7.58,7.5,7.58,7.42,7.5,10,10,0.11,83.17,MODERATE
Brazil,monte carmelo,Arabica,Catuai,Natural / Dry,7.375,7.46,7.375,7.5,7.5,7.375,10,10,0.115,81.92,MODERATE
Brazil,monte carmelo,Arabica,Mundo Novo,Natural / Dry,7.42,7.5,7.42,7.5,7.42,7.25,10,10,0.11,81.83,MODERATE
Brazil,monte carmelo,Arabica,Unknown,Unknown,7.33,7.25,7.33,7.08,7.58,7.25,9.33,10,0.11,80.58,MODERATE
Brazil,mountains of minas gerais,Arabica,Catuai,Semi-washed / Semi-pulped,8.5,8,7.5,7.75,7.5,7.83,10,10,0.11,84.58,MODERATE
Brazil,south of minas,Arabica,Arusha,Natural / Dry,7.75,7.5,7.42,7.42,7.5,7.42,10,10,0.11,82.42,MODERATE
Brazil,south of minas,Arabica,Bourbon,Natural / Dry,7.636363636,7.681818182,7.583636364,7.652727273,7.582727273,7.560909091,10,10,0.110909091,83.33454545,MODERATE
Brazil,south of minas,Arabica,Bourbon,Semi-washed / Semi-pulped,8.165,8,8,7.835,7.75,8,10,10,0.11,85.75,HIGH
Brazil,south of minas,Arabica,Catuai,Natural / Dry,8,8,7.75,8,7.5,7.75,10,10,0.12,84.92,MODERATE
Brazil,south of minas,Arabica,Catuai,Semi-washed / Semi-pulped,7.705,7.71,7.415,7.625,7.5,7.5,10,10,0.12,83,MODERATE
Brazil,south of minas,Arabica,Mundo Novo,Natural / Dry,7.53,7.5,7.386666667,7.473333333,7.47,7.416666667,10,10,0.12,82.11333333,MODERATE
Brazil,south of minas,Arabica,Mundo Novo,Semi-washed / Semi-pulped,7.665,7.5,7.375,7.5,7.625,7.46,10,10,0.12,82.585,MODERATE
Brazil,south of minas,Arabica,Mundo Novo,Unknown,7.58,7.5,7.33,7.75,7.5,7.5,10,10,0,82.58,MODERATE
Brazil,south of minas,Arabica,Mundo Novo,Washed / Wet,7.58,7.58,7.25,7.58,7.42,7.5,10,10,0.11,82.33,MODERATE
Brazil,south of minas,Arabica,Unknown,Pulped natural / honey,7.5,7.58,7.42,7.5,7.75,7.33,10,10,0.11,82.58,MODERATE
Brazil,south of minas,Arabica,Unknown,Unknown,7.79,7.875,7.585,7.5,7.67,7.665,10,10,0.02,83.75,MODERATE
Brazil,south of minas,Arabica,Yellow Bourbon,Pulped natural / honey,7.583333333,7.553333333,7.58,7.5,7.583333333,7.526666667,10,10,0.11,82.88666667,MODERATE
Brazil,sul de minas - carmo de minas,Arabica,Yellow Bourbon,Unknown,8.295,7.92,7.96,7.75,8.125,8,10,10,0.045,86.17,HIGH
Brazil,vale da grama,Arabica,Bourbon,Natural / Dry,8.5,8.17,8,7.75,8,8,10,10,0.12,86.42,HIGH
Brazil,vale da grama,Arabica,Bourbon,Semi-washed / Semi-pulped,8,8,7.75,7.75,7.58,7.75,10,10,0.12,84.58,MODERATE
Brazil,vale da grama,Arabica,Yellow Bourbon,Semi-washed / Semi-pulped,7.33,7.83,7.75,7.5,7.42,7.83,10,10,0.12,83.42,MODERATE
Brazil,vale da grama,Arabica,Yellow Bourbon,Unknown,8.17,8,7.5,7.75,7.5,7.67,10,10,0,84.33,MODERATE
Burundi,kayanza,Arabica,Bourbon,Washed / Wet,7.75,7.67,7.33,7.5,7.5,7.75,10,10,0,83.33,MODERATE
Burundi,mumirwa,Arabica,Unknown,Unknown,7.08,7.25,7.17,7.33,7.08,7.08,10,10,0.12,80.33,MODERATE
China,dehong prefecture,Arabica,Catimor,Washed / Wet,7.67,7.67,7.5,7.67,7.42,7.58,10,10,0.1,83.17,MODERATE
China,menglian,Arabica,Catimor,Washed / Wet,7.5,7.67,7.42,7.67,7.5,7.5,10,10,0.11,82.75,MODERATE
China,xishuangbanna prefecture,Arabica,Catimor,Pulped natural / honey,7.5,7.58,7.42,7.5,7.42,7.42,10,10,0.12,82.33,MODERATE
China,yunnan,Arabica,Catimor,Natural / Dry,7.833333333,7.776666667,7.636666667,7.636666667,7.75,7.723333333,10,10,0.1,84.11,MODERATE
China,yunnan,Arabica,Catimor,Washed / Wet,7.806666667,7.765,7.625,7.708333333,7.668333333,7.696666667,10,10,0.101666667,84.11166667,MODERATE
China,yunnan,Arabica,Other,Washed / Wet,7.46,7.54,7.5,7.5,7.54,7.375,10,10,0.085,82.46,MODERATE
China,yunnan,Arabica,Typica,Washed / Wet,7.165,7.045,6.875,7.125,7.25,7.085,9.665,9.33,0.05,78.335,LOW
Colombia,Unknown,Arabica,Arusha,Natural / Dry,7.67,7.58,7.5,7.5,7.75,7.5,10,10,0,83,MODERATE
Colombia,Unknown,Arabica,Typica,Washed / Wet,7.42,8,7.83,7.75,8.08,7.58,8.67,8.67,0.1,80.25,MODERATE
Colombia,Unknown,Arabica,Unknown,Natural / Dry,8,7.33,7.75,7.33,7.42,7.67,6.67,6.67,0,72.83,LOW
Colombia,Unknown,Arabica,Unknown,Washed / Wet,7.54,7.585,7.46,7.5,7.625,7.5,10,10,0.11,82.625,MODERATE
Colombia,antioquia,Arabica,Caturra,Washed / Wet,7.5,7.33,7.335,7.25,7.165,8.455,10,10,0.1,82.54,MODERATE
Colombia,antioquia,Arabica,Other,Washed / Wet,7.83,7.67,7.42,7.42,7.5,7.58,10,10,0.11,82.92,MODERATE
Colombia,cauca,Arabica,Caturra,Washed / Wet,7.625,7.665,7.71,7.79,7.795,7.79,10,10,0.11,84.125,MODERATE
Colombia,cundinamarca,Arabica,Caturra,Natural / Dry,7.75,7.79,7.665,7.665,7.75,7.79,10,10,0.11,84.33,MODERATE
Colombia,cundinamarca,Arabica,Caturra,Washed / Wet,7.665,7.625,7.4775,7.585,7.71,7.5825,10,10,0.0275,82.375,MODERATE
Colombia,guayata,Arabica,Caturra,Washed / Wet,7,7.625,7.5825,6.9375,7.71,7.79,10,10,0.055,82.4175,MODERATE
Colombia,huila,Arabica,Caturra,Natural / Dry,7.642857143,7.548571429,7.498571429,7.49,7.654285714,7.667142857,10,10,0.065714286,83.01285714,MODERATE
Colombia,huila,Arabica,Caturra,Unknown,7.83,7.67,7.5,7.75,7.75,7.75,10,10,0,83.83,MODERATE
Colombia,huila,Arabica,Caturra,Washed / Wet,7.682285714,7.602428571,7.563571429,7.609285714,7.634285714,7.669,9.990428571,10,0.062285714,83.39514286,MODERATE
Colombia,huila,Arabica,Other,Washed / Wet,7.75,7.545,7.46,7.5,7.75,8,10,10,0,83.29,MODERATE
Colombia,huila,Arabica,Typica,Washed / Wet,7.67,7.42,7.42,7.58,7.33,7.67,10,10,0.12,82.75,MODERATE
Colombia,huila,Arabica,Unknown,Unknown,7.71,7.67,7.415,7.71,7.665,7.665,10,10,0.11,83.46,MODERATE
Colombia,huila,Arabica,Unknown,Washed / Wet,7.798571429,7.644285714,7.547142857,7.701428571,7.641428571,7.608571429,9.524285714,10,0.017142857,83.09714286,MODERATE
Colombia,huila supremo,Arabica,Caturra,Washed / Wet,7.83,7.75,7.67,7.58,7.58,7.67,10,10,0,83.67,MODERATE
Colombia,la plata,Arabica,Caturra,Washed / Wet,7.67,7.67,7.54,7.5,7.625,7.545,10,10,0.115,83.125,MODERATE
Colombia,la plata,Arabica,Unknown,Unknown,7.723333333,7.666666667,7.666666667,7.776666667,6.916666667,7.86,10,10,0,83.30666667,MODERATE
Colombia,pasto,Arabica,Caturra,Natural / Dry,8.17,7.83,7.58,8.08,8,7.75,10,10,0,85.08,HIGH
Colombia,pereira,Arabica,Caturra,Washed / Wet,7.42,7.25,6.75,7.25,7.42,7.25,9.33,10,0,79.33,LOW
Colombia,pitalito,Arabica,Caturra,Natural / Dry,7.5825,7.6675,7.5625,7.565,7.75,7.5425,10,10,0.055,83.2075,MODERATE
Colombia,santander,Arabica,Caturra,Washed / Wet,7.92,7.835,7.625,7.915,7.705,7.625,10,10,0.11,84.29,MODERATE
Colombia,santander,Arabica,Other,Washed / Wet,7.83,7.67,7.58,7.92,7.67,7.83,10,10,0,84.58,MODERATE
Colombia,santander,Arabica,Typica,Natural / Dry,7.5,7.42,7.58,7.5,7.58,7.58,10,10,0,82.83,MODERATE
Colombia,south huila,Arabica,Caturra,Washed / Wet,7.5,7.58,7.42,7.67,7.5,7.58,10,10,0,82.75,MODERATE
Colombia,tolima,Arabica,Caturra,Washed / Wet,7.75,7.92,7.83,8.08,8.08,8.17,10,10,0.12,86,HIGH
Costa Rica,Unknown,Arabica,Unknown,Washed / Wet,7.83,7.79,7.71,7.79,7.875,7.875,10,9.665,0.04,84.335,MODERATE
Costa Rica,brunca,Arabica,Catuai,Washed / Wet,7.58,7.5,7.67,7.75,7.67,7.58,8,10,0.1,79.75,LOW
Costa Rica,central valley,Arabica,Catuai,Washed / Wet,7.618571429,7.392857143,7.475714286,7.547142857,7.534285714,7.571428571,10,10,0.105714286,82.71285714,MODERATE
Costa Rica,costa rica,Arabica,Other,Other,7.67,7.58,7.75,7.75,7.67,8.58,10,10,0.08,84.67,MODERATE
Costa Rica,naranjo,Arabica,Caturra,Washed / Wet,7.42,7.25,7.17,7.25,7.25,7.58,10,10,0.13,81.08,MODERATE
Costa Rica,occidental,Arabica,Caturra,Washed / Wet,7.22,7.026666667,6.943333333,6.97,6.913333333,6.943333333,9.556666667,10,0.116666667,77.05666667,LOW
Costa Rica,san rafael,Arabica,Catuai,Washed / Wet,7.17,7.42,7.5,8,7.25,7.83,10,6.67,0.1,79.17,LOW
Costa Rica,san ramon,Arabica,Caturra,Washed / Wet,7.77,7.7075,7.5625,7.69,7.73,7.9175,10,10,0.11,84.145,MODERATE
Costa Rica,tarrazu,Arabica,Catuai,Pulped natural / honey,7.375,7.415,7.665,7.415,7.67,7.545,10,10,0.055,82.54,MODERATE
Costa Rica,tarrazu,Arabica,Catuai,Washed / Wet,7.886666667,7.693333333,7.583333333,7.75,7.583333333,7.776666667,10,10,0.073333333,84,MODERATE
Costa Rica,tarrazu,Arabica,Caturra,Washed / Wet,7.713333333,7.528888889,7.502222222,7.604444444,7.518888889,7.612222222,9.63,10,0.065555556,82.94555556,MODERATE
Costa Rica,tarrazu,Arabica,Unknown,Washed / Wet,7.83,7.5,7.42,7.67,7.5,7.67,10,10,0.11,83.25,MODERATE
Costa Rica,tres rios,Arabica,Bourbon,Semi-washed / Semi-pulped,7.75,7.83,7.75,8,7.83,7.67,10,10,0.12,84.58,MODERATE
Costa Rica,tres rios,Arabica,Caturra,Washed / Wet,7.64,7.473333333,7.416666667,7.223333333,7.11,7.336666667,10,10,0.066666667,81.69333333,MODERATE
Costa Rica,turrialba,Arabica,Caturra,Washed / Wet,7.58,7.375,7.415,7.25,7.29,7.625,10,10,0.115,81.83,MODERATE
Costa Rica,west valley,Arabica,Catuai,Washed / Wet,8,7.58,7.83,7.75,7.75,7.75,10,10,0.11,84.67,MODERATE
Costa Rica,west valley,Arabica,Caturra,Washed / Wet,7.92,8.08,8,7.92,8,8.08,10,9.33,0,85.33,HIGH
Cote d?Ivoire,cnra station of divo,Arabica,Unknown,Washed / Wet,7.42,7.25,6.83,7,7.33,7.08,9.33,10,0.13,79.33,LOW
Ecuador,"province of manabi, ecuador",Arabica,Unknown,Natural / Dry,7.5,7.67,7.58,7.75,7.83,7.83,10,10,0.09,83.83,MODERATE
Ecuador,"san juan, playas",Robusta,Unknown,Unknown,7.625,7.625,7.54,7.665,5.125,6.54,10,8.085,0,78.415,LOW
El Salvador,Unknown,Arabica,Other,Washed / Wet,7.835,7.665,7.415,7.125,7.71,7.54,10,9.665,0,82.46,MODERATE
El Salvador,apaneca,Arabica,Bourbon,Natural / Dry,8.42,8.08,7.5,7.17,7.58,8.17,9.33,10,0.11,84.17,MODERATE
El Salvador,apaneca,Arabica,Bourbon,Washed / Wet,7.92,8.17,8,7.92,7.75,7.83,10,10,0.1,85.58,HIGH
El Salvador,"ataco, apaneca - ilamatepec mountain range",Arabica,Bourbon,Semi-washed / Semi-pulped,7.83,8,8,7.75,7.92,8.17,10,10,0.11,85.58,HIGH
El Salvador,"department of ahuachapan, municipality of apanecallamatepec mountain",Arabica,Bourbon,Washed / Wet,7.33,7.17,7.08,7.08,7.33,7.17,10,10,0,80.42,MODERATE
Ethiopia,addis ababa,Arabica,Caturra,Natural / Dry,7.83,8,7.83,8.17,7.92,8,10,10,0.09,85.75,HIGH
Ethiopia,aricha,Arabica,Unknown,Natural / Dry,8.42,8,7.42,8,7.92,7.92,9.33,10,0.1,85.08,HIGH
Ethiopia,"ethiopia, sidamo",Arabica,Other,Natural / Dry,7.92,7.92,7.83,8,7.92,7.92,10,8.67,0.09,84.08,MODERATE
Ethiopia,gedio,Arabica,Ethiopian Yirgacheffe,Natural / Dry,8.17,8.17,8,8.17,8.08,8.33,10,10,0,87.25,HIGH
Ethiopia,guji-hambela,Arabica,Other,Washed / Wet,8.5,8.585,8.375,8.54,8.42,8.375,10,10,0.12,89.375,HIGH
Ethiopia,guji-hambela,Arabica,Unknown,Washed / Wet,8.67,8.83,8.67,8.75,8.5,8.42,10,10,0.12,90.58,HIGH
Ethiopia,"kefa zone, gimbo distict, at a place called woka araba, south west ethiopia.",Arabica,Other,Natural / Dry,7.75,8,7.58,8,8,7.92,10,10,0.11,85.08,HIGH
Ethiopia,kelem welega,Arabica,Unknown,Unknown,7.25,7.25,7.25,7.33,7.5,8,9.33,10,0.1,80.33,MODERATE
Ethiopia,limu,Arabica,Unknown,Unknown,7.42,7.42,7.5,7.92,7.75,7.58,8.67,8.67,0.05,80,MODERATE
Ethiopia,oromia,Arabica,Other,Natural / Dry,7.83,8,7.83,7.92,7.83,8.08,10,10,0.12,85.5,HIGH
Ethiopia,oromia,Arabica,Unknown,Natural / Dry,7.952,8.166,7.952,8.034,7.932,7.968,10,10,0.106,86.132,HIGH
Ethiopia,oromia,Arabica,Unknown,Washed / Wet,7.79,7.955,7.875,8.125,7.96,7.875,10,10,0.1,85.625,HIGH
Ethiopia,sidamo,Arabica,Gesha,Natural / Dry,7.83,7.75,7.67,7.75,7.33,7.75,10,10,0.11,84,MODERATE
Ethiopia,sidamo,Arabica,Other,Natural / Dry,7.75,7.75,7.5,7.58,7.67,7.92,10,10,0.09,84,MODERATE
Ethiopia,sidamo,Arabica,Unknown,Natural / Dry,7.92,7.75,7.545,7.75,7.875,7.585,10,10,0.11,84.08,MODERATE
Ethiopia,sidamo,Arabica,Unknown,Unknown,7.625,7.915,7.705,8,7.875,7.665,10,10,0.05,84.455,MODERATE
Ethiopia,"snnp/kaffa zone,gimbowereda",Arabica,Other,Natural / Dry,8.08,8.58,8.5,8.5,7.67,8.42,10,10,0.1,88.25,HIGH
Ethiopia,snnprg; kafa; telo woreda; shada kebele,Arabica,Gesha,Natural / Dry,7.5,7.92,7.58,7.83,7.75,7.83,10,10,0.1,84.17,MODERATE
Ethiopia,yirgacheffe,Arabica,Ethiopian Yirgacheffe,Washed / Wet,8.08,7.83,7.75,7.83,7.58,7.67,10,10,0.1,84.67,MODERATE
Ethiopia,yirgacheffe,Arabica,Other,Washed / Wet,7.75,7.67,7.58,7.67,7.5,7.67,10,10,0,83.58,MODERATE
Guatemala,Unknown,Arabica,Unknown,Natural / Dry,7.5,7.58,7.42,7.58,7.42,7.58,10,10,0,82.58,MODERATE
Guatemala,Unknown,Arabica,Unknown,Washed / Wet,7.625,7.665,7.46,7.665,7.665,7.665,10,10,0.105,83.545,MODERATE
Guatemala,acatenango,Arabica,Bourbon,Washed / Wet,7.75,7.886666667,7.75,8.056666667,7.806666667,7.86,10,10,0.113333333,85.05666667,HIGH
Guatemala,"aldea xeucalvitz, ixil region, quiche department",Arabica,Bourbon,Washed / Wet,7.58,7.75,7.67,8,7.75,7.67,10,10,0.1,84.08,MODERATE
Guatemala,antigua,Arabica,Bourbon,Washed / Wet,7.678571429,7.62,7.477142857,7.665714286,7.535714286,7.44,9.904285714,9.904285714,0.09,82.64285714,MODERATE
Guatemala,antigua,Arabica,Caturra,Natural / Dry,7.67,7.83,7.42,7.5,7.33,7.5,10,10,0.1,82.92,MODERATE
Guatemala,antigua,Arabica,Caturra,Washed / Wet,7.652,7.718,7.45,7.768,7.616,7.55,10,10,0.106,83.352,MODERATE
Guatemala,atitlan,Arabica,Bourbon,Washed / Wet,7.42,7.42,7.5,7.5,7.42,7.5,10,10,0.09,82.17,MODERATE
Guatemala,atitlan,Arabica,Caturra,Washed / Wet,7.636666667,7.583333333,7.5,7.833333333,7.503333333,7.556666667,10,10,0.1,83.14,MODERATE
Guatemala,el progreso,Arabica,Bourbon,Washed / Wet,7.58,7.54,7.29,7.625,7.415,7.585,10,10,0.12,82.585,MODERATE
Guatemala,"el tumbador, san marcos",Arabica,Bourbon,Washed / Wet,7.67,8,7.67,8,7.5,7.83,10,10,0.11,84.5,MODERATE
Guatemala,"el tumbador, san marcos",Arabica,Catuai,Washed / Wet,7.75,7.67,7.33,7.75,7.5,7.42,10,10,0.11,83,MODERATE
Guatemala,guatemala,Arabica,Catuai,Natural / Dry,7.83,7.5,7.5,8,7.83,7.83,10,10,0.11,84.17,MODERATE
Guatemala,huehuetenango,Arabica,Bourbon,Natural / Dry,7.17,7.42,6.83,7.5,7.17,7.25,10,10,0.11,80.58,MODERATE
Guatemala,huehuetenango,Arabica,Bourbon,Washed / Wet,7.708333333,7.57,7.25,7.875,7.57,7.5,9.888333333,10,0.11,82.75,MODERATE
Guatemala,huehuetenango,Arabica,Caturra,Washed / Wet,7.778333333,7.763333333,7.471666667,7.861666667,7.583333333,7.598333333,10,10,0.093333333,83.65333333,MODERATE
Guatemala,huehuetenango,Arabica,Pacamara,Natural / Dry,7.83,7.75,7.83,7.67,7.83,8.58,10,10,0.11,85.33,HIGH
Guatemala,huehuetenango,Arabica,Pacamara,Washed / Wet,7.33,7.42,7.17,7.25,7.42,7.33,10,10,0.09,81.25,MODERATE
Guatemala,jalapa,Arabica,Bourbon,Washed / Wet,7.585,7.585,7.33,7.5,7.415,7.33,10,10,0.11,82,MODERATE
Guatemala,jalapa,Arabica,Pacas,Washed / Wet,7.665,7.585,7.335,7.6875,7.5625,7.5425,9.8325,10,0.12,82.645,MODERATE
Guatemala,"la reforma, san marcos",Arabica,Bourbon,Washed / Wet,7.5,7.67,7.5,7.67,7.5,7.83,10,10,0.1,83,MODERATE
Guatemala,norte,Arabica,Bourbon,Washed / Wet,7.526666667,7.526666667,7.36,7.583333333,7.553333333,7.363333333,10,10,0.096666667,82.33333333,MODERATE
Guatemala,nuevo oriente,Arabica,Bourbon,Washed / Wet,7.92,8.08,7.92,8.08,8.08,7.83,10,10,0.1,85.92,HIGH
Guatemala,nuevo oriente,Arabica,Catuai,Washed / Wet,7.605,7.3975,7.145,7.7925,7.395,7.23,9.5,7.8325,0.105,76.9575,LOW
Guatemala,nuevo oriente,Arabica,Pacas,Washed / Wet,7.585,7.54,7.335,7.75,7.545,7.5,10,10,0.11,82.75,MODERATE
Guatemala,occidente,Arabica,Bourbon,Washed / Wet,7.08,7,6.92,7.42,7,6.92,10,10,0.11,79.17,LOW
Guatemala,orient,Arabica,Caturra,Washed / Wet,7.67,7.25,7.08,7.33,7.17,7.25,10,10,0.11,80.83,MODERATE
Guatemala,oriente,Arabica,Bourbon,Natural / Dry,7.835,7.75,7.375,7.875,7.625,7.75,10,10,0.1,83.71,MODERATE
Guatemala,oriente,Arabica,Bourbon,Other,7.79,7.83,7.5,7.875,7.58,7.71,10,10,0.1,84.125,MODERATE
Guatemala,oriente,Arabica,Bourbon,Unknown,8,7.92,7.75,8,7.92,7.83,10,10,0.1,85.25,HIGH
Guatemala,oriente,Arabica,Bourbon,Washed / Wet,7.478,7.3665,7.141333333,7.475,7.429333333,7.427666667,9.7665,9.844166667,0.103166667,81.0875,MODERATE
Guatemala,oriente,Arabica,Caturra,Natural / Dry,7.92,7.75,7.58,7.5,7.79,7.79,9.665,9.665,0.11,83.085,MODERATE
Guatemala,oriente,Arabica,Caturra,Washed / Wet,7.223333333,7.39,7.22,7.443333333,7.473333333,7.446666667,10,9.776666667,0.116666667,81.19666667,MODERATE
Guatemala,oriente,Arabica,Other,Washed / Wet,7.35375,7.12625,6.8325,7.3225,7.13625,7.1275,9.66625,9.8325,0.10875,79.0825,LOW
Guatemala,quetzaltenango,Arabica,Caturra,Washed / Wet,7.67,7.58,7.58,7.67,7.75,7.75,10,10,0.11,83.75,MODERATE
Guatemala,"sacatepequez, guatemala",Arabica,Caturra,Washed / Wet,7.585,7.415,7.415,7.79,7.335,7.46,10,10,0.105,82.46,MODERATE
Guatemala,"san lucas toliman, solola",Arabica,Bourbon,Washed / Wet,7.545,7.335,7.085,7.46,7.21,7.21,10,10,0.11,81.045,MODERATE
Guatemala,san marcos,Arabica,Bourbon,Natural / Dry,7.33,7.33,7.33,7.5,7.67,7.67,10,10,0.11,82,MODERATE
Guatemala,san marcos,Arabica,Bourbon,Washed / Wet,7.55,7.575,7.283,7.576,7.492,7.516,9.8,9.867,0.108,82.034,MODERATE
Guatemala,san marcos,Arabica,Catuai,Washed / Wet,7.375,7.58,7.125,7.875,7.33,7.46,10,10,0.095,82.295,MODERATE
Guatemala,santa rosa,Arabica,Bourbon,Unknown,7.5,7.42,7.25,7.25,7.5,7.25,10,10,0.12,81.5,MODERATE
Guatemala,santa rosa,Arabica,Bourbon,Washed / Wet,7.484,7.466,7.268,7.502,7.45,7.436,9.6,9.866,0.106,81.402,MODERATE
Guatemala,santa rosa,Arabica,Caturra,Washed / Wet,7.455,7.46,7.29,7.375,7.375,7.295,10,10,0.105,81.625,MODERATE
Guatemala,solola,Arabica,Caturra,Washed / Wet,7.75,7.92,7.58,7.92,7.67,7.67,10,10,0.1,84.17,MODERATE
Haiti,"department d'artibonite , haiti",Arabica,Typica,Natural / Dry,6.75,6.58,6.42,6.67,7.08,6.67,9.33,6,0.14,67.92,LOW
Haiti,"dondon, haiti",Arabica,Blue Mountain,Washed / Wet,7.42,7.33,7.25,7.42,7.42,7.33,10,10,0.11,81.5,MODERATE
Haiti,"dondon, haiti",Arabica,Typica,Washed / Wet,6.83,6.83,6.83,6.75,6.92,6.92,9.33,10,0.1,77.25,LOW
Haiti,haiti,Arabica,Typica,Washed / Wet,7.42,7,7.42,7.25,7.08,7.33,10,10,0.12,80.75,MODERATE
Haiti,marmelade,Arabica,Unknown,Unknown,6.92,6.75,7.08,7.17,7.33,6.67,10,8.67,0.08,72.33,LOW
Haiti,"thiotte, haiti",Arabica,Typica,Washed / Wet,7.58,7.5,7.67,7.5,7.83,7.42,10,10,0.11,83.33,MODERATE
Honduras,Unknown,Arabica,Unknown,Washed / Wet,7.335,7.5,7.375,7.375,7.54,7.5,10,10,0.1,82.17,MODERATE
Honduras,central region,Arabica,Catuai,Natural / Dry,7.335,7.33,7.04,7.46,7.29,7.33,10,10,0.13,80.96,MODERATE
Honduras,central region,Arabica,Catuai,Washed / Wet,7.58,7.92,7.58,7.75,7.92,7.75,10,10,0.11,84.33,MODERATE
Honduras,comayagua,Arabica,Caturra,Natural / Dry,7.4575,7.395,7.3125,7.3525,7.355,7.25,10,10,0.0975,81.625,MODERATE
Honduras,comayagua,Arabica,Caturra,Unknown,5.363333333,5.36,5.276666667,5.223333333,5.25,5.25,6.666666667,6.666666667,0.106666667,57,LOW
Honduras,comayagua,Arabica,Caturra,Washed / Wet,7.511428571,7.57,7.404285714,7.537142857,7.537142857,7.535714286,10,10,0.104285714,82.58428571,MODERATE
Honduras,"comayagua, honduras",Arabica,Other,Washed / Wet,7.42,7.67,7.17,7.58,7.58,7.5,10,10,0.12,82.42,MODERATE
Honduras,intibuca,Arabica,Pacas,Natural / Dry,6.83,6.915,6.67,6.915,7,6.83,9.665,10,0.11,77,LOW
Honduras,intibuca,Arabica,Pacas,Washed / Wet,7,7.085,6.915,7.085,7,7.085,9,9,0.11,76.21,LOW
Honduras,marcala,Arabica,Catuai,Washed / Wet,7.405,7.197142857,7.066428571,7.269285714,7.238571429,7.097142857,9.571428571,9.571428571,0.107142857,79.17357143,LOW
Honduras,marcala,Arabica,Unknown,Unknown,7.25,7.42,7,7.42,7.33,7,10,10,0.1,80.42,MODERATE
Honduras,occidental,Arabica,Caturra,Washed / Wet,7.415,7.25,7.165,7.46,7.415,7.415,10,10,0.11,81.29,MODERATE
Honduras,ocotepeque,Arabica,Catuai,Washed / Wet,7.58,7.165,6.875,7.045,7.165,7,10,10,0.11,79.835,LOW
Honduras,san marcos,Arabica,Catuai,Natural / Dry,7.5,7.5,7.5,7.67,7.67,7.67,10,10,0.1,83.17,MODERATE
Honduras,san marcos,Arabica,Catuai,Washed / Wet,7.33,7.33,7.17,7.33,7.5,7.33,10,10,0.12,81.33,MODERATE
Honduras,san marcos,Arabica,Caturra,Natural / Dry,7.42,7.25,7.25,7.33,7.25,7.17,10,10,0.12,81,MODERATE
Honduras,"siguatepeque, comayagua",Arabica,Caturra,Natural / Dry,7.5,7.33,7,7.42,7.25,7.17,10,10,0.11,80.75,MODERATE
Honduras,western region,Arabica,Catimor,Washed / Wet,7.5,7.42,7.08,7.42,7.5,7.33,10,10,0.11,81.58,MODERATE
India,Unknown,Robusta,Unknown,Natural / Dry,7.42,6.83,6.75,7.17,7.25,7,9.33,7.08,0.1,75.08,LOW
India,chickmangalore,Arabica,Unknown,Natural / Dry,7.67,7.33,7.17,6.67,7.17,7.42,9.33,6.67,0,76.83,LOW
India,chikmagalur,Robusta,Unknown,Natural / Dry,7.54,7.46,7.335,7.83,7.545,7.665,10,7.625,0.065,80.71,MODERATE
India,chikmagalur,Robusta,Unknown,Unknown,7.765,7.75,7.71,7.735,7.721666667,7.723333333,10,7.68,0,81.95833333,MODERATE
India,chikmagalur karnataka,Robusta,Other,Natural / Dry,7.67,7.83,7.75,7.5,7.75,7.58,10,7.75,0.11,81.58,MODERATE
India,chikmagalur karnataka,Robusta,Other,Washed / Wet,7.67,7.75,7.58,7.83,7.83,8,10,7.92,0.09,82.5,MODERATE
India,chikmagalur karnataka india,Robusta,Unknown,Washed / Wet,7.67,7.75,7.83,7.67,7.92,7.83,10,7.92,0.1,82.5,MODERATE
India,chikmagalur karnataka indua,Robusta,Unknown,Washed / Wet,8,7.75,7.92,8,7.92,7.92,10,8,0,83.5,MODERATE
Indonesia,aceh,Arabica,Typica,Semi-washed / Semi-pulped,7.83,7.58,7.42,7.33,7.42,7.5,10,10,0.13,82.58,MODERATE
Indonesia,aceh gayo,Arabica,Bourbon,Washed / Wet,7.5,7.5,7.42,7.42,7.5,7.42,10,10,0.15,82.08,MODERATE
Indonesia,aceh tengah,Arabica,Mandheling,Natural / Dry,7.81,7.88,7.56,7.75,7.63,7.75,10,10,0.12,84.13,MODERATE
Indonesia,bali,Arabica,Other,Other,7.75,7.83,7.58,7.75,7.92,7.83,10,10,0.11,81.83,MODERATE
Indonesia,bali,Arabica,Other,Washed / Wet,7.83,7.75,7.25,7.5,7.42,7.33,10,10,0.11,82.5,MODERATE
Indonesia,bener meriah,Arabica,Sumatra,Semi-washed / Semi-pulped,7.21,7.545,7.455,7.67,7.58,7.5,10,10,0.12,82.585,MODERATE
Indonesia,dolok sanggul,Arabica,Unknown,Unknown,7.67,7.58,7.5,7.58,7.67,7.58,10,10,0,83.08,MODERATE
Indonesia,east java,Arabica,Typica,Washed / Wet,8.17,7.67,7.58,7.58,7.42,7.67,10,10,0.12,83.67,MODERATE
Indonesia,ijen,Arabica,Java,Washed / Wet,6.92,6.83,6.92,6.92,6.92,6.83,10,10,0.13,78.17,LOW
Indonesia,ijen,Arabica,Other,Washed / Wet,7.75,7.17,7.17,7.33,7.58,7.33,10,10,0.12,81.5,MODERATE
Indonesia,indonesia,Arabica,Other,Natural / Dry,7.33,7,6.5,6.08,7.58,6.33,9.33,9.33,0.12,76.17,LOW
Indonesia,lington nihuta,Arabica,Typica,Other,7.42,7.42,7.42,7.33,7.42,7.42,10,10,0.11,81.83,MODERATE
Indonesia,lintong,Arabica,Sumatra Lintong,Semi-washed / Semi-pulped,7.75,7.83,7.67,8,8.08,7.83,10,10,0.11,85.17,HIGH
Indonesia,sapan toraja,Arabica,Sulawesi,Other,7.5,7.58,7.42,7.58,7.58,7.5,10,10,0.12,82.75,MODERATE
Indonesia,sumatra brastagi,Arabica,Mandheling,Other,7.67,7.67,7.83,7.58,7.83,7.83,10,10,0,84.42,MODERATE
Indonesia,sumatra brastagi,Arabica,Mandheling,Semi-washed / Semi-pulped,7.58,7.42,7,7.67,7.5,7.5,9.33,10,0.13,80.67,MODERATE
Indonesia,"temanggung, indonesia",Arabica,Java,Washed / Wet,7.92,7.83,7.75,7.75,7.75,7.75,10,10,0.12,84.67,MODERATE
Kenya,Unknown,Arabica,SL28,Washed / Wet,7.75,7.75,7.75,8.08,7.75,7.75,10,10,0,84.58,MODERATE
Kenya,Unknown,Arabica,Unknown,Washed / Wet,8.17,7.83,7.92,7.75,7.67,7.83,10,10,0.11,85,HIGH
Kenya,blend,Arabica,SL34,Washed / Wet,7.67,7.83,7.5,7.75,7.92,7.67,10,10,0,84,MODERATE
Kenya,central kenya,Arabica,SL28,Washed / Wet,7.67,7.75,7.67,7.75,7.83,7.67,10,10,0,84,MODERATE
Kenya,central kenya,Arabica,SL34,Washed / Wet,7.86,7.943333333,7.806666667,8.08,7.916666667,7.75,10,10,0,85.22,HIGH
Kenya,kenya,Arabica,SL28,Washed / Wet,7.705,7.75,7.71,7.75,7.79,8.165,9.665,9.665,0.09,83.67,MODERATE
Kenya,kiambu,Arabica,SL28,Washed / Wet,7.545,7.875,7.665,8,7.75,7.835,10,10,0.11,83.46,MODERATE
Kenya,kiambu,Arabica,SL34,Washed / Wet,7,7.08,7,7.17,7.25,7.25,10,10,0.11,79.83,LOW
Kenya,kirinyaga,Arabica,SL28,Natural / Dry,7.92,7.92,7.83,8.08,7.83,7.92,10,10,0.1,85.5,HIGH
Kenya,meru county,Arabica,SL28,Washed / Wet,8.08,7.67,7.67,7.58,7.25,7.67,10,10,0.11,83.67,MODERATE
Kenya,muranga,Arabica,SL34,Washed / Wet,8.08,8,8,8.25,7.92,7.92,10,10,0.12,86.25,HIGH
Kenya,nyeri,Arabica,Peaberry,Washed / Wet,7.83,7.83,7.83,7.75,7.58,7.83,10,10,0.1,84.58,MODERATE
Kenya,nyeri,Arabica,SL28,Natural / Dry,8.08,8.08,8,8,7.83,8.08,10,10,0.11,86.08,HIGH
Kenya,nyeri,Arabica,SL28,Washed / Wet,7.806666667,7.776666667,7.64,7.86,7.583333333,7.666666667,10,10,0.106666667,84,MODERATE
Kenya,nyeri,Arabica,SL34,Washed / Wet,7.92,7.83,7.58,7.92,7.75,7.83,10,10,0.13,84.75,MODERATE
Laos,lao p.d.r.,Arabica,Other,Washed / Wet,7.42,7.5,7.25,7.33,7.5,7.5,10,10,0.12,82,MODERATE
Malawi,kakoma,Arabica,Gesha,Washed / Wet,7.58,7.42,7.33,7.33,7.33,7.42,10,10,0.13,81.83,MODERATE
Malawi,mzuzu,Arabica,Gesha,Washed / Wet,7.5725,7.4175,7.25,7.48875,7.35125,7.39625,10,10,0.125,81.895,MODERATE
Malawi,southern- zomba,Arabica,Caturra,Washed / Wet,7.54,7.25,7.25,7.125,7.29,7.25,10,10,0.12,80.92,MODERATE
Mexico,Unknown,Arabica,Other,Washed / Wet,7.415,7.205,7.045,7.33,7.295,7.165,10,10,0.115,78.92,LOW
Mexico,adolfo lopez mateos,Arabica,Typica,Washed / Wet,7.58,7.67,7.5,7.67,7.58,7.5,8,10,0,81,MODERATE
Mexico,altotonga,Arabica,Typica,Washed / Wet,7.5,7.58,7.25,7.5,7.5,7.33,10,10,0.12,82.17,MODERATE
Mexico,amatenango de la frontera,Arabica,Typica,Washed / Wet,7.58,7.42,7.25,7.42,7.33,7.33,10,10,0.12,81.5,MODERATE
Mexico,atoyac de alvarez,Arabica,Typica,Natural / Dry,7.79,7.835,7.625,7.75,7.625,7.75,8,10,0.115,82.125,MODERATE
Mexico,atoyac de alvarez,Arabica,Typica,Semi-washed / Semi-pulped,7.67,7.83,7.5,7.58,7.58,7.67,9.33,10,0.11,83,MODERATE
Mexico,"calnali, hidalgo",Arabica,Bourbon,Washed / Wet,7.58,7.58,7.5,7.17,7.42,7.42,10,10,0.16,82.25,MODERATE
Mexico,"calnali, hidalgo",Arabica,Caturra,Washed / Wet,7.58,7.33,7.17,7.25,6.75,7,10,10,0.11,80.25,MODERATE
Mexico,canoas,Arabica,Typica,Washed / Wet,7.42,7.5,7.42,7.58,7.42,7.5,10,10,0.1,82.25,MODERATE
Mexico,"chapulhuacan, hidalgo",Arabica,Typica,Semi-washed / Semi-pulped,7.5,7.5,7.25,7.25,7.5,7.5,10,10,0.13,81.92,MODERATE
Mexico,chiapas,Arabica,Bourbon,Washed / Wet,7.511666667,7.36,7.195,7.43,7.486666667,7.25,9.888333333,10,0.121666667,81.25166667,MODERATE
Mexico,chiapas,Arabica,Catuai,Washed / Wet,7.58,7.5,7.33,7.5,7.17,7.33,10,10,0.11,81.83,MODERATE
Mexico,chiapas,Arabica,Other,Washed / Wet,7.42,7.58,7.5,7.67,7.25,7.5,10,10,0,82.5,MODERATE
Mexico,chiapas,Arabica,Typica,Washed / Wet,7.4775,7.395,7.3325,7.5625,7.4375,7.3325,9.5,10,0.1175,80.7525,MODERATE
Mexico,"chocaman, veracruz",Arabica,Typica,Washed / Wet,7,6.58,6.67,6.83,7.08,6.83,10,10,0.14,74.33,LOW
Mexico,coatepec,Arabica,Bourbon,Washed / Wet,7.5,7.67,7.5,7.5,7.58,7.58,10,10,0.11,83,MODERATE
Mexico,coatepec,Arabica,Typica,Natural / Dry,7.33,7.25,7,7.42,7.17,7.17,9.33,10,0.12,79.92,LOW
Mexico,coatepec,Arabica,Typica,Semi-washed / Semi-pulped,7.54,7.665,7.5,7.665,7.5,7.71,10,10,0.115,83.375,MODERATE
Mexico,coatepec,Arabica,Typica,Washed / Wet,7.418571429,7.058571429,6.964285714,7.261428571,7.332857143,7.128571429,9.808571429,10,0.12,78.23714286,LOW
Mexico,"coatepec, coatepec",Arabica,Mundo Novo,Washed / Wet,6.92,7.17,7.17,7.17,7.08,7.08,10,10,0,79.67,LOW
Mexico,"coatepec, coatepec",Arabica,Typica,Washed / Wet,7.335,7.375,7.125,7.25,7.335,7.25,9.665,10,0.125,80.46,MODERATE
Mexico,cofradia de suchitlan,Arabica,Typica,Washed / Wet,7.92,7.58,7.58,7.92,7.92,7.5,8,10,0.1,78.58,LOW
Mexico,colima,Arabica,Typica,Washed / Wet,7.335,7.625,7.54,7.625,7.545,7.165,10,10,0.11,82.375,MODERATE
Mexico,cordoba,Arabica,Typica,Washed / Wet,7.08,6.83,6.67,7.25,7.25,6.92,10,10,0.11,78.08,LOW
Mexico,coscomatepec,Arabica,Typica,Washed / Wet,7.67,7.33,7.25,7.5,7.42,7.42,10,10,0.12,82,MODERATE
Mexico,"el desmoronado, talpan de allende jalisco",Arabica,Typica,Washed / Wet,7.25,7.17,7.17,7.25,7.17,7.42,10,10,0.12,80.67,MODERATE
Mexico,el remudadero,Arabica,Typica,Washed / Wet,7.83,7.58,7.67,7.92,7.92,7.83,10,10,0.13,84.67,MODERATE
Mexico,escuitla,Arabica,Typica,Washed / Wet,7.25,7.08,7,7.17,7.33,7.17,10,10,0.14,80.08,MODERATE
Mexico,fln mirador,Arabica,Typica,Washed / Wet,7.83,7.5,7.42,7.67,7.17,7.33,10,10,0.12,82.42,MODERATE
Mexico,huautla de jimenez,Arabica,Typica,Washed / Wet,7.17,7.17,6.83,7.17,7.42,6.67,8.67,10,0.13,75.17,LOW
Mexico,"huazalingo, hidalgo",Arabica,Caturra,Natural / Dry,7.83,7.58,7.58,7.5,7.75,7.67,10,10,0.13,83.75,MODERATE
Mexico,"huazalingo, hidalgo",Arabica,Caturra,Washed / Wet,7.42,7.33,7.25,7.17,7.25,7.42,10,10,0.13,81.42,MODERATE
Mexico,"huazalingo, hidalgo",Arabica,Mundo Novo,Washed / Wet,7.5,7.42,7.25,7.5,7.33,7.33,10,10,0.14,81.92,MODERATE
Mexico,hustusco,Arabica,Typica,Washed / Wet,8,7.92,7.42,8.08,7.5,7.67,10,10,0.12,84.5,MODERATE
Mexico,ixhuatlan del cafe,Arabica,Typica,Washed / Wet,7.58,7.33,7.08,7.5,7.17,7.25,10,10,0.13,80.92,MODERATE
Mexico,jaltenango,Arabica,Catuai,Washed / Wet,7.17,7.08,7.08,7.08,7.5,7.33,9.33,10,0.11,79.92,LOW
Mexico,jaltenango,Arabica,Typica,Washed / Wet,7.92,7.83,7.75,7.75,7.75,7.83,10,10,0.11,84.5,MODERATE
Mexico,"jaltocan, hidalgo",Arabica,Typica,Natural / Dry,7.58,7.67,7.58,7.33,7,7.58,10,10,0.15,82.33,MODERATE
Mexico,juchique de ferrer,Arabica,Bourbon,Washed / Wet,7.08,6.83,6.25,7.42,7.25,6.75,10,10,0.11,68.33,LOW
Mexico,juquila,Arabica,Typica,Washed / Wet,7.67,7.58,7.33,7.5,7.42,7.42,10,10,0.12,82.25,MODERATE
Mexico,la concordia,Arabica,Caturra,Washed / Wet,7.366,7.234,7.15,7.432,7.4,7.2,9.866,10,0.122,80.816,MODERATE
Mexico,la concordia,Arabica,Marigojipe,Natural / Dry,7.33,7.5,7.25,7.5,7.5,7.17,10,10,0.11,81.58,MODERATE
Mexico,la concordia,Arabica,Typica,Natural / Dry,7.67,7.58,7.42,7.58,7.58,7.42,10,8.67,0.11,81.58,MODERATE
Mexico,la concordia,Arabica,Typica,Semi-washed / Semi-pulped,7.92,7.5,7.33,7.58,7.25,7.42,10,10,0.11,82.5,MODERATE
Mexico,la concordia,Arabica,Typica,Washed / Wet,7.52,7.605,7.4775,7.54,7.69,7.52,10,10,0.1125,82.9175,MODERATE
Mexico,"la concordia, chiapas",Arabica,Bourbon,Washed / Wet,7.705,7.67,7.46,7.665,7.375,7.46,10,10,0.105,82.96,MODERATE
Mexico,"la concordia, chiapas",Arabica,Other,Washed / Wet,7.5,7.5,7.33,7.42,7.5,7.42,10,10,0.1,82.17,MODERATE
Mexico,"la concordia, chiapas",Arabica,Pacas,Natural / Dry,7.67,7.58,7.5,7.75,7.75,7.75,10,10,0.11,83.83,MODERATE
Mexico,"la concordia, chiapas",Arabica,Typica,Washed / Wet,7.5,7.297142857,7.095714286,7.38,7.262857143,7.202857143,9.904285714,10,0.121428571,80.77428571,MODERATE
Mexico,la cumbre,Arabica,Typica,Washed / Wet,8,7.92,7.67,7.17,7.67,7.42,9.33,10,0.14,82.92,MODERATE
Mexico,la yerba,Arabica,Typica,Natural / Dry,7.67,7.58,7.42,7.5,7.42,7.5,10,10,0.11,82.67,MODERATE
Mexico,la yerba,Arabica,Typica,Washed / Wet,7.42,7.5,7.42,7.58,7.42,7.5,10,10,0.11,82.42,MODERATE
Mexico,la yerbabuena,Arabica,Typica,Washed / Wet,7.75,7.92,7.83,7.92,7.75,7.67,9.33,10,0,83.92,MODERATE
Mexico,los angeles,Arabica,Caturra,Washed / Wet,7.25,7.17,7,6.83,7.58,7.08,8.67,10,0.13,78.5,LOW
Mexico,mahuixtlan,Arabica,Typica,Washed / Wet,7.5,7.58,7.58,7.58,7.42,7.42,10,10,0.12,82.67,MODERATE
Mexico,manzanillo,Arabica,Typica,Semi-washed / Semi-pulped,7.33,7.5,7.33,7.33,7.33,7.42,10,10,0.11,81.5,MODERATE
Mexico,menglian,Arabica,Typica,Washed / Wet,7,6.92,6.75,6.92,7.17,6.83,10,10,0.14,75,LOW
Mexico,motozintla,Arabica,Catuai,Semi-washed / Semi-pulped,7.17,7.08,7.25,7.42,7.25,7.33,10,10,0.13,80.83,MODERATE
Mexico,motozintla,Arabica,Typica,Washed / Wet,7.42,7.42,7.33,7.33,7.5,7.42,9.33,10,0.12,81.25,MODERATE
Mexico,"motozintla, chiapas",Arabica,Other,Washed / Wet,7.145,7.2075,7.0625,7.2075,7.3325,7.165,9.6675,9.5,0.12,79.0225,LOW
Mexico,oaxaca,Arabica,Typica,Washed / Wet,7.5,7.47,7.416666667,7.443333333,7.416666667,7.443333333,9.776666667,10,0.106666667,81.69333333,MODERATE
Mexico,ocosingo,Arabica,Mundo Novo,Washed / Wet,7.17,6.92,6.67,6.83,7.25,7.75,10,10,0.11,75.17,LOW
Mexico,"ohuapan, tlaltetela",Arabica,Bourbon,Washed / Wet,7.67,7.17,6.83,7.33,7.58,7.17,9.33,8.67,0.12,78.75,LOW
Mexico,petatlan,Arabica,Bourbon,Natural / Dry,7.67,8,7.67,7.42,7.67,7.5,10,10,0.1,83.83,MODERATE
Mexico,petatlan,Arabica,Typica,Natural / Dry,7.58,7.58,7.33,7.25,7.58,7.75,10,10,0.1,82.92,MODERATE
Mexico,petatlan,Arabica,Typica,Washed / Wet,7.42,7.25,7,7,7.25,7.08,8,10,0.11,77.92,LOW
Mexico,pochutla,Arabica,Typica,Washed / Wet,7.125,7.21,7.04,7.29,7.205,7.085,10,10,0.1,80.085,MODERATE
Mexico,progreso santa rosa teocelo,Arabica,Bourbon,Washed / Wet,7.67,7.58,7.33,7.42,7.58,7.33,10,10,0.13,82.42,MODERATE
Mexico,san bartolo tutotepec,Arabica,Pacamara,Washed / Wet,7.58,7.75,7.42,7.67,7.5,7.58,10,10,0.14,83.17,MODERATE
Mexico,san bartolo tutotepec,Arabica,Typica,Washed / Wet,7.5,7.625,7.25,7.5,7.375,7.46,10,10,0.14,82.335,MODERATE
Mexico,san fernando,Arabica,Typica,Washed / Wet,7.25,7.42,7.33,7.33,7.17,7.33,10,10,0.13,81.08,MODERATE
Mexico,san isidro,Arabica,Typica,Washed / Wet,7.75,7.5,7.42,7.75,7.58,7.58,10,10,0.13,83.17,MODERATE
Mexico,san miguel del puerto,Arabica,Other,Washed / Wet,7.08,7.33,7,7.33,7.08,7,10,10,0.11,80,MODERATE
Mexico,santa catarina juquila,Arabica,Other,Washed / Wet,7.75,7.67,7.42,7.75,7.5,7.5,10,10,0.1,83.08,MODERATE
Mexico,santa catarina juquila,Arabica,Typica,Washed / Wet,8,7.75,7.33,7.33,7.08,7.67,9.33,10,0.11,82.33,MODERATE
Mexico,santa maria sitepec,Arabica,Typica,Washed / Wet,7.33,7.33,7.25,7.42,7.25,7.25,10,10,0.11,81.08,MODERATE
Mexico,santo domingo cacalotepec,Arabica,Typica,Washed / Wet,7.67,7.75,7.67,7.75,7.67,7.75,10,10,0.11,84.08,MODERATE
Mexico,santo reyes nopala,Arabica,Typica,Washed / Wet,7.33,7.25,7.33,7.42,7.25,7.42,10,10,0.12,81.08,MODERATE
Mexico,sierra alta mixe y zapoteca,Arabica,Typica,Washed / Wet,7.08,7.08,6.92,7.08,6.92,6.92,8,8,0,72.92,LOW
Mexico,"sierra fraylesca, chiapas",Arabica,Typica,Washed / Wet,7.58,7.75,7.42,7.5,7.5,7.5,8.67,10,0,80,MODERATE
Mexico,sierra madre occidental,Arabica,Caturra,Washed / Wet,7.25,7.17,7,7.33,7.33,7,10,10,0.1,80.25,MODERATE
Mexico,sierra madre occidental,Arabica,Typica,Washed / Wet,7.67,7.83,7.42,7.83,7.33,7.5,10,10,0.11,83.25,MODERATE
Mexico,"sierra norte yajalon, chiapas",Arabica,Typica,Washed / Wet,6.92,7,6.83,6.92,7.42,6.92,6,10,0.12,70.75,LOW
Mexico,siltepec el triunfo,Arabica,Typica,Washed / Wet,7.67,7.33,7.25,7.17,7.25,7.42,10,10,0,81.42,MODERATE
Mexico,"siltepec el triunfo, chiapas, mexico",Arabica,Typica,Washed / Wet,7.42,7.42,7.25,7.5,7.33,7.42,10,10,0.11,81.83,MODERATE
Mexico,talpa de allende,Arabica,Typica,Washed / Wet,7.295,7.29,7.25,7.295,7.21,7.165,9.665,10,0.1,80.08,MODERATE
Mexico,tapachula,Arabica,Bourbon,Washed / Wet,7.42,7.42,7.33,7.17,7.25,7.42,10,10,0.13,81.5,MODERATE
Mexico,tapachula,Arabica,Pacamara,Washed / Wet,7.75,7.92,7.75,7.67,7.83,7.67,10,10,0.12,84.42,MODERATE
Mexico,tapachula,Arabica,Typica,Natural / Dry,7.42,7.25,7.08,7.75,7.42,7.17,10,10,0.13,81.17,MODERATE
Mexico,tapachula,Arabica,Typica,Washed / Wet,7.36,7.28,7.14,7.386666667,7.14,7.223333333,10,10,0.13,80.66333333,MODERATE
Mexico,temaxcalapa,Arabica,Catuai,Washed / Wet,7.42,7.25,7.17,7.42,7.17,8,10,10,0.12,81.5,MODERATE
Mexico,"tenango de doria, hidalgo",Arabica,Bourbon,Washed / Wet,7.5,7.5,7.33,7.42,7.25,7.25,10,10,0.13,81.75,MODERATE
Mexico,"tenango de doria, hidalgo",Arabica,Caturra,Washed / Wet,7.33,7.17,7,6.75,7.08,7,10,10,0.13,79.67,LOW
Mexico,tepetzingo,Arabica,Typica,Washed / Wet,7.08,7,6.92,7.33,7.25,7.08,10,10,0.12,79.58,LOW
Mexico,tepictla,Arabica,Mundo Novo,Washed / Wet,7.42,7.5,7.17,7.67,7.33,7.42,10,10,0.13,81.75,MODERATE
Mexico,"tlanchinol, hidalgo",Arabica,Typica,Washed / Wet,7.75,7.67,7.58,7.5,7.42,7.58,10,10,0.12,83.17,MODERATE
Mexico,tlatlauquitepec,Arabica,Mundo Novo,Washed / Wet,6.92,6.92,6.92,6.92,7.17,7,10,10,0.12,71.08,LOW
Mexico,totutla,Arabica,Pacamara,Washed / Wet,7.75,7.67,7.67,7.75,7.33,7.5,10,10,0.12,83.5,MODERATE
Mexico,tuxtla gutierrez,Arabica,Typica,Washed / Wet,7.5,7.416666667,7.416666667,7.526666667,7.473333333,7.443333333,9.556666667,10,0.123333333,81.91666667,MODERATE
Mexico,veracruz,Arabica,Bourbon,Washed / Wet,7.448461538,7.351538462,7.244615385,7.45,7.372307692,7.269230769,9.743076923,10,0.111538462,80.74384615,MODERATE
Mexico,veracruz,Arabica,Mundo Novo,Washed / Wet,7.685,7.58,7.415,7.5625,7.46,7.4575,10,10,0.12,82.71,MODERATE
Mexico,veracruz,Arabica,Other,Washed / Wet,7.33,7.58,7.17,7.58,7.42,7.33,10,10,0.12,81.92,MODERATE
Mexico,veracruz,Arabica,Pacamara,Washed / Wet,7.58,7.58,7.17,7.5,7.5,7.5,10,10,0.14,82.42,MODERATE
Mexico,veracruz,Arabica,Typica,Semi-washed / Semi-pulped,7.25,7.33,7.17,7.25,7.08,7,8.67,10,0.14,78.75,LOW
Mexico,veracruz,Arabica,Typica,Washed / Wet,7.373333333,7.29,7.166666667,7.473333333,7.36,7.305,10,10,0.12,81.165,MODERATE
Mexico,veracruz,Arabica,Unknown,Unknown,7.67,7.42,7,7.42,7.58,7.08,10,10,0.12,81.33,MODERATE
Mexico,veracruz,Arabica,Unknown,Washed / Wet,7.443333333,7.526666667,7.503333333,7.75,7.583333333,7.556666667,9.553333333,10,0.036666667,82.19333333,MODERATE
Mexico,xalapa,Arabica,Bourbon,Natural / Dry,7.83,7.58,7.25,7.5,7.5,7.42,10,10,0.13,83.5,MODERATE
Mexico,xalapa,Arabica,Caturra,Washed / Wet,7.75,7.33,7.25,7.58,7.58,7.33,10,10,0.13,82.42,MODERATE
Mexico,xalapa,Arabica,Other,Washed / Wet,8.17,8.25,8.17,8,7.83,8.17,10,10,0.13,87.17,HIGH
Mexico,xalapa,Arabica,Typica,Washed / Wet,7.375,7.045,6.875,7.455,7.46,7.165,10,10,0.125,78.79,LOW
Mexico,xicotepec de juarez,Arabica,Caturra,Washed / Wet,7.58,7.33,7.33,7.58,7.5,7.5,10,10,0.11,82.42,MODERATE
Mexico,xicotepec de juarez,Arabica,Typica,Washed / Wet,7.67,7.625,7.54,7.5,7.79,8.04,10,10,0.12,83.795,MODERATE
Mexico,yajalon,Arabica,Bourbon,Washed / Wet,7.67,7.25,7.17,7.75,7.5,7.25,10,10,0.11,81.67,MODERATE
Mexico,yajalon,Arabica,Typica,Washed / Wet,7.17,6.92,6.92,7.08,7.17,7,10,10,0.14,79.17,LOW
Mexico,yecuatla,Arabica,Caturra,Washed / Wet,6.92,6.92,6.67,7.25,7.17,6.92,10,10,0.13,78.67,LOW
Mexico,zapotitlan de mendez,Arabica,Typica,Washed / Wet,7.67,7.5,7.33,7.67,7.5,7.33,10,10,0.12,82.5,MODERATE
Mexico,zaragoza itundujia,Arabica,Bourbon,Washed / Wet,7.25,7.17,7.17,7.08,7.17,7,10,10,0.14,79.75,LOW
Mexico,zaragoza itundujia,Arabica,Typica,Semi-washed / Semi-pulped,7.5,7.17,6.92,7.5,7.25,7,8.67,10,0.14,79,LOW
Mexico,zaragoza itundujia,Arabica,Typica,Washed / Wet,7.365,7.084,6.95,7.157,7.1,6.992,9.066,10,0.152,78.476,LOW
Mexico,zentla,Arabica,Typica,Washed / Wet,7.21,7.085,6.955,7.25,7.25,7,9.665,10,0.14,79.33,LOW
Mexico,zihuatanejo de azueta,Arabica,Typica,Washed / Wet,7.5,7.58,7.33,7.5,7.5,7.5,10,10,0.11,82.42,MODERATE
Myanmar,"doe kwin, pyin oo lwin",Arabica,Other,Washed / Wet,7.17,7.33,7,7.42,7.17,7,10,10,0,80,MODERATE
Myanmar,pyin oo lwin,Arabica,Other,Washed / Wet,7.17,7.33,7.17,7.42,7.25,7.08,10,10,0,80.5,MODERATE
Myanmar,pyinoolwin,Arabica,Other,Other,7.17,7.42,7,7.58,7.33,7,10,10,0,80.92,MODERATE
Myanmar,"yauk sauk, shan state",Arabica,Other,Natural / Dry,8,7.08,7,7.33,7.08,6.92,10,10,0.11,80.25,MODERATE
Myanmar,ywar ngan,Arabica,Catuai,Natural / Dry,7.42,7,7.08,7,7.17,7.33,10,10,0,80.25,MODERATE
Myanmar,ywar ngan,Arabica,Catuai,Washed / Wet,7.125,7.54,7.25,7.5,7.415,7.205,10,10,0,81.29,MODERATE
Myanmar,ywar ngan township,Arabica,Catuai,Washed / Wet,7.25,7.42,7.25,7.5,7.33,7.33,10,10,0,81.5,MODERATE
Nicaragua,Unknown,Arabica,Unknown,Natural / Dry,7.04,7.125,6.92,7,7.21,7.165,10,10,0.105,79.33,LOW
Nicaragua,Unknown,Arabica,Unknown,Washed / Wet,7.58,7.42,7.25,7.17,7.5,7.67,10,10,0.12,81.92,MODERATE
Nicaragua,"dipilto, nueva segovia",Arabica,Unknown,Washed / Wet,7.33,7.5,7.17,7.17,7.58,7.17,10,10,0.09,81.17,MODERATE
Nicaragua,jalapa,Arabica,Caturra,Other,7.306666667,7,6.86,6.86,6.89,6.803333333,8.666666667,8.666666667,0.113333333,74.47,LOW
Nicaragua,jinotega,Arabica,Catuai,Washed / Wet,7.08,7.5,7.33,7.17,7.42,7.25,10,10,0.1,81.25,MODERATE
Nicaragua,jinotega,Arabica,Caturra,Natural / Dry,7.295,7.375,7.415,7.46,7.46,7.415,10,10,0.12,81.835,MODERATE
Nicaragua,jinotega,Arabica,Caturra,Washed / Wet,7.39,7.303333333,7.223333333,7.36,7.5,7.276666667,10,10,0.103333333,81.28,MODERATE
Nicaragua,jinotega,Arabica,Other,Washed / Wet,7.29,7.29,7.25,7.335,7.33,7.29,10,10,0.115,80.915,MODERATE
Nicaragua,matagalpa,Arabica,Caturra,Washed / Wet,7.33,7.08,7.25,7,7.5,7.42,10,10,0.1,80.92,MODERATE
Nicaragua,nueva segovia,Arabica,Unknown,Unknown,7.08,7.25,6.875,7.04,7.25,6.96,10,10,0.105,79.58,LOW
Panama,boquete,Arabica,Catuai,Washed / Wet,7.42,7.42,7.5,7.58,7.5,7.75,10,10,0,82.75,MODERATE
Panama,boquete,Arabica,Caturra,Natural / Dry,8,7.75,7.83,7.83,7.67,8.58,10,10,0.09,85.5,HIGH
Panama,boquete,Arabica,Caturra,Other,7.25,7.33,7.17,7.33,7.33,7.17,10,10,0.11,80.75,MODERATE
Panama,boquete,Arabica,Gesha,Washed / Wet,8,8,7.92,8.08,7.83,8,10,10,0.08,85.83,HIGH
Papua New Guinea,eastern highlands province,Arabica,Unknown,Washed / Wet,8.33,8.42,7.83,8.33,8,8.25,9.33,10,0.12,85.75,HIGH
Peru,Unknown,Arabica,Other,Washed / Wet,8.42,8.5,8.33,8.5,8.25,8.25,10,10,0.11,88.75,HIGH
Peru,Unknown,Arabica,Unknown,Unknown,7.92,7.5,7.5,7.58,7.67,7.5,10,10,0.11,83.17,MODERATE
Peru,Unknown,Arabica,Unknown,Washed / Wet,7.83,7.75,7.58,7.83,7.92,7.58,9.33,10,0.12,83.33,MODERATE
Peru,cajamarca,Arabica,Unknown,Washed / Wet,8,8,8,8.08,7.92,7.75,10,10,0.1,85.75,HIGH
Peru,huanuco,Arabica,Unknown,Washed / Wet,7,7.08,7,7.25,7.5,7.42,9.33,10,0.12,79.75,LOW
Peru,peru,Arabica,Unknown,Washed / Wet,7.58,7.58,7.58,7.75,7.5,7.58,9.33,10,0,82.42,MODERATE
Peru,puno,Arabica,Unknown,Washed / Wet,7.42,7.42,7.17,7.33,7.42,7.42,10,10,0.1,81.42,MODERATE
Peru,san ignacio,Arabica,Caturra,Washed / Wet,7.42,7.75,7.42,7.67,7.92,7.83,8.67,9.33,0,77,LOW
Peru,san ignacio,Arabica,Typica,Washed / Wet,7.67,7.17,7.08,7.25,8,7.5,8.67,9.33,0,79,LOW
Philippines,asia pacific,Arabica,Other,Washed / Wet,8.08,7.5,7.67,7.42,7.33,7.5,10,10,0,82.92,MODERATE
Philippines,"benguet, mountain province",Arabica,Unknown,Washed / Wet,6.83,6.5,6.5,6.92,6.75,7,9.33,9.33,0.12,75.83,LOW
Philippines,"bukidnon, mindanao, philppines",Arabica,Other,Washed / Wet,7.58,7.58,7.67,7.58,7.5,7.5,10,10,0.11,82.92,MODERATE
Philippines,corillera administrative,Arabica,Typica,Natural / Dry,7.25,7.25,7.25,7.08,7.58,7.5,10,10,0,81.17,MODERATE
Philippines,"davao city, region 11",Arabica,Other,Washed / Wet,7.08,7.33,7.42,7.33,7.33,7.5,10,10,0.14,81.33,MODERATE
Rwanda,gicumbi,Arabica,Bourbon,Washed / Wet,7.83,7.92,7.75,7.83,7.75,7.75,9.33,9.33,0.11,82.83,MODERATE
Taiwan,"mountain ali, taiwan",Arabica,Typica,Washed / Wet,7.83,7.83,7.75,8,7.5,7.75,10,10,0.11,84.42,MODERATE
"Tanzania, United Republic Of",Unknown,Arabica,Unknown,Natural / Dry,8.42,8.17,8.17,8,7.58,8,10,10,0.11,86.5,HIGH
"Tanzania, United Republic Of",arusha,Arabica,Arusha,Washed / Wet,7.67,7.5,7.33,7.25,7.58,7.75,10,10,0.11,82.83,MODERATE
"Tanzania, United Republic Of",arusha,Arabica,Other,Semi-washed / Semi-pulped,7.75,7.58,7.67,7.58,7.58,7.58,10,10,0.12,83.33,MODERATE
"Tanzania, United Republic Of",arusha,Arabica,Other,Washed / Wet,7.4375,7.3325,7.29,7.4375,7.375,7.31,10,10,0.1225,81.52,MODERATE
"Tanzania, United Republic Of",ikand village,Arabica,Other,Washed / Wet,7.75,7.42,7.33,7.5,7.58,7.5,10,10,0.12,82.58,MODERATE
"Tanzania, United Republic Of","ilomba vilage, mbozi",Arabica,Other,Washed / Wet,7.54,7.375,7.46,7.415,7.375,7.375,10,10,0.12,81.92,MODERATE
"Tanzania, United Republic Of","iwala village, mbeya rural",Arabica,Other,Washed / Wet,7.42,7.33,7.33,7.25,7.25,7.33,10,10,0.13,81.08,MODERATE
"Tanzania, United Republic Of",karatu arusha,Arabica,Other,Washed / Wet,7.585,7.46,7.415,7.54,7.5,7.54,10,10,0.12,82.585,MODERATE
"Tanzania, United Republic Of",karatu ngorogoro,Arabica,Other,Washed / Wet,7.33,7.17,7.17,7.5,7.25,7.42,10,10,0.13,81.25,MODERATE
"Tanzania, United Republic Of",karatu northern,Arabica,Bourbon,Washed / Wet,7.75,7.67,7.58,7.67,7.58,7.58,10,10,0.13,83.42,MODERATE
"Tanzania, United Republic Of",kilimanjaro,Arabica,Bourbon,Washed / Wet,7.5,7.415,7.5,7.585,7.54,7.58,10,10,0.12,82.625,MODERATE
"Tanzania, United Republic Of",kilimanjaro,Arabica,Other,Washed / Wet,7.67,7.33,7.33,7.42,7.42,7.42,10,10,0.13,82,MODERATE
"Tanzania, United Republic Of","manyara, karatu",Arabica,Other,Washed / Wet,7.33,7.17,7.17,7.25,7.42,7.33,10,10,0.12,80.92,MODERATE
"Tanzania, United Republic Of",mbeya,Arabica,Other,Washed / Wet,7.72,7.636666667,7.636666667,7.696666667,7.64,7.693333333,10,10,0.12,83.69666667,MODERATE
"Tanzania, United Republic Of",mbinga,Arabica,Bourbon,Washed / Wet,7.58,7.335,7.335,7.455,7.33,7.415,10,10,0.12,81.92,MODERATE
"Tanzania, United Republic Of",mbinga,Arabica,Other,Washed / Wet,7.5,7.5,7.46,7.5,7.46,7.5,10,10,0.125,82.42,MODERATE
"Tanzania, United Republic Of",mbinga,Arabica,Unknown,Unknown,7.17,7.33,7.33,7.42,7.5,7.33,10,10,0,81.67,MODERATE
"Tanzania, United Republic Of",meru,Arabica,Other,Washed / Wet,7.42,7.42,7.33,7.58,7.33,7.42,10,10,0.12,82,MODERATE
"Tanzania, United Republic Of",moshi,Arabica,Bourbon,Washed / Wet,7.67,7.58,7.42,7.67,7.67,7.58,10,10,0.12,83.17,MODERATE
"Tanzania, United Republic Of",moshi,Arabica,Other,Washed / Wet,7.75,7,7.42,7.58,7.58,7.58,10,10,0.12,82.5,MODERATE
"Tanzania, United Republic Of",ngorogoro,Arabica,Other,Washed / Wet,7.42,7.46,7.46,7.375,7.33,7.415,10,10,0.12,81.915,MODERATE
"Tanzania, United Republic Of",nkure- meru,Arabica,Ruiru 11,Washed / Wet,7.75,7.67,7.58,7.67,7.67,7.58,10,10,0.13,83.5,MODERATE
"Tanzania, United Republic Of","oldeani , mongola",Arabica,Other,Washed / Wet,7.42,7.42,7.33,7.42,7.42,7.33,10,10,0.12,81.58,MODERATE
"Tanzania, United Republic Of",ruvuma,Arabica,Bourbon,Washed / Wet,7.58,7.42,7.42,7.33,7.5,7.42,10,10,0.13,82.17,MODERATE
"Tanzania, United Republic Of",shizingo village,Arabica,Other,Washed / Wet,7.83,7.67,7.75,7.83,7.67,7.67,10,10,0.12,84.25,MODERATE
Thailand,Unknown,Arabica,Unknown,Unknown,7.435,7.645,7.4775,7.5825,7.665,7.645,10,10,0.1375,83.1025,MODERATE
Thailand,chiang rai,Arabica,Caturra,Washed / Wet,7.83,8.33,7.83,8.25,7.58,7.92,10,10,0.1,86.17,HIGH
Thailand,chiangrai,Arabica,Catimor,Natural / Dry,7.67,7.75,7.5,7.67,7.67,7.83,10,10,0.1,83.92,MODERATE
Thailand,"doi chaang village, chiang rai, thialand",Arabica,Unknown,Unknown,7.415,7.54,7.58,7.79,7.42,7.54,10,10,0.015,82.705,MODERATE
Thailand,thailand,Arabica,Other,Washed / Wet,7.875,7.75,8,7.875,7.83,8,9.335,9.33,0.12,83.335,MODERATE
Thailand,thailand,Arabica,Unknown,Washed / Wet,7.425,7.375,7.275,7.593,7.334,7.351,9.933,10,0.095,81.651,MODERATE
Uganda,bulambuli eastern region,Arabica,SL14,Washed / Wet,8.33,7.92,7.67,7.92,7.67,7.92,10,10,0.12,85.5,HIGH
Uganda,central,Robusta,Unknown,Unknown,8,7.92,7.92,7.75,7.83,7.75,10,7.75,0.12,83,MODERATE
Uganda,eastern,Arabica,SL14,Natural / Dry,7.77,7.6275,7.545,7.665,7.73,7.585,10,10,0.12,83.5825,MODERATE
Uganda,eastern,Arabica,SL14,Washed / Wet,7.8125,7.6475,7.4375,7.625,7.52,7.5625,10,10,0.1125,83.2725,MODERATE
Uganda,eastern,Robusta,Unknown,Unknown,8,7.75,7.75,7.58,7.67,7.5,10,7.58,0.11,81.5,MODERATE
Uganda,eastern uganda,Arabica,SL14,Washed / Wet,8.045,7.835,7.71,7.75,7.75,7.75,10,10,0.11,84.75,MODERATE
Uganda,eastern uganda,Arabica,Unknown,Semi-washed / Semi-pulped,8.08,8.08,7.83,7.92,8.08,7.92,10,10,0,86,HIGH
Uganda,iganga namadrope eastern,Robusta,Unknown,Unknown,7.58,7.92,7.75,7.83,7.5,7.67,10,7.67,0.12,81.75,MODERATE
Uganda,kapchorwa,Arabica,SL14,Washed / Wet,7.955,7.79,7.665,7.585,7.79,7.665,10,10,0.12,84.21,MODERATE
Uganda,kapchorwa eastern,Arabica,SL14,Washed / Wet,8.42,8.17,8.17,8.17,7.83,7.92,10,10,0.12,86.83,HIGH
Uganda,kasese,Arabica,Other,Natural / Dry,8.17,7.75,7.58,7.67,7.83,7.58,10,10,0.13,84.25,MODERATE
Uganda,kasese,Arabica,Other,Washed / Wet,7.92,7.75,7.58,7.67,7.67,7.83,10,10,0.1,84,MODERATE
Uganda,"kasese, mt. rwenzori",Arabica,Bourbon,Natural / Dry,7.67,7.67,7.5,7.58,7.42,7.5,10,10,0.12,83,MODERATE
Uganda,"kasese, mt. rwenzori",Arabica,Bourbon,Washed / Wet,7.67,7.58,7.42,7.42,7.83,7.5,10,10,0.12,83,MODERATE
Uganda,luwero central region,Robusta,Unknown,Unknown,8.33,7.83,7.83,7.75,8.25,7.75,10,7.58,0.12,83,MODERATE
Uganda,mbale,Arabica,Other,Washed / Wet,7.92,7.83,7.75,7.92,7.67,7.75,10,10,0.11,84.67,MODERATE
Uganda,mt elgon,Arabica,SL14,Washed / Wet,7.67,7.5,7.33,7.67,7.5,7.5,10,10,0.12,82.67,MODERATE
Uganda,mt. rwenzori,Arabica,Other,Washed / Wet,7.83,7.75,7.5,7.83,7.83,7.75,10,10,0.11,84.17,MODERATE
Uganda,sheema south western,Robusta,Unknown,Unknown,7.83,8.08,7.75,7.92,8.25,7.92,10,8,0.12,83.75,MODERATE
Uganda,"sipi, mt elgon",Arabica,Other,Washed / Wet,8.25,8,7.83,8.08,8,7.92,10,10,0.1,86,HIGH
Uganda,"sipi, mt elgon",Arabica,SL14,Washed / Wet,7.5,7.67,7.67,7.42,7.67,7.67,10,10,0.12,83.25,MODERATE
Uganda,south western,Robusta,Unknown,Unknown,8,7.67,7.75,7.5,7.67,7.58,10,7.58,0.12,81.5,MODERATE
Uganda,southern,Robusta,Unknown,Unknown,7.75,7.42,7.33,7.58,7.67,7.58,10,7.67,0.12,80.5,MODERATE
Uganda,west nile,Arabica,Bourbon,Natural / Dry,8,7.92,7.58,7.75,7.33,7.5,10,10,0.12,83.75,MODERATE
Uganda,west nile,Arabica,SL14,Washed / Wet,7.75,7.58,7.58,7.5,7.5,7.5,10,10,0.12,82.92,MODERATE
Uganda,western,Robusta,Unknown,Unknown,7.61,7.663333333,7.553333333,7.75,7.723333333,7.64,10,7.75,0.12,81.30666667,MODERATE
United States,Unknown,Arabica,Hawaiian Kona,Washed / Wet,7.42,7.42,7.25,7.58,6.92,7.17,10,10,0.06,81.08,MODERATE
United States,antioquia,Arabica,Other,Washed / Wet,8.041666667,8.39,8.221666667,8.265,8.083333333,8.083333333,10,10,0,87.32,HIGH
United States,berastagi,Arabica,Other,Other,7.42,7.58,7.25,7.5,7.75,7.75,10,10,0,82.83,MODERATE
United States,central america,Arabica,Pache Comun,Natural / Dry,7.42,7.17,7.33,7.42,7.25,7.33,10,10,0,81.08,MODERATE
United States,chikmagalur,Robusta,Arusha,Natural / Dry,7.92,7.5,7.42,7.42,7.42,7.42,9.33,7.58,0,79.33,LOW
United States,kona,Arabica,Arusha,Natural / Dry,7.08,7.33,7.17,7.25,7.33,7.67,10,10,0.13,80.75,MODERATE
United States,kona,Arabica,Hawaiian Kona,Natural / Dry,7.554571429,7.544571429,7.508857143,7.598,7.669142857,7.648571429,9.370857143,9.580571429,0.071714286,81.49228571,MODERATE
United States,kona,Arabica,Hawaiian Kona,Washed / Wet,7.34375,7.48875,7.31125,7.55125,7.46,7.655,9.8325,10,0.11,82.02,MODERATE
United States,kona,Arabica,Unknown,Natural / Dry,7.415,7.21,7.165,7.2925,7.5625,7.3775,8.8325,8.3325,0.09,77.4375,LOW
United States,kona,Arabica,Unknown,Unknown,7.875,8.17,7.75,7.71,7.75,7.705,10,10,0.005,84.835,MODERATE
United States,"kwanza norte province, angola",Robusta,Unknown,Natural / Dry,7.33,7.33,7.17,7.42,7.5,7.17,9.33,7.42,0,77.17,LOW
United States,yauco region,Arabica,Other,Washed / Wet,7.6475,7.54,7.48,7.6025,7.665,7.6475,9,9.8325,0.0625,81.7275,MODERATE
Vietnam,Unknown,Robusta,Unknown,Natural / Dry,6.75,6.67,6.5,6.83,6.92,6.83,9.33,6.67,0.12,73.75,LOW
Vietnam,dala,Arabica,Catimor,Natural / Dry,7.58,7.42,7.08,7.33,7.58,8.58,10,10,0.07,83.17,MODERATE
Vietnam,dala,Arabica,Catimor,Other,7.42,7.25,7.25,7.58,7.42,7.33,8.67,10,0,80.17,MODERATE
Vietnam,don duong,Arabica,Other,Natural / Dry,7.67,7.665,7.17,7.33,7.875,7.25,10,10,0.06,82.5,MODERATE
Vietnam,vietnam,Arabica,Caturra,Washed / Wet,7,7.08,7.33,7.5,7.5,7.33,10,10,0.12,81.75,MODERATE
Vietnam,vietnam cau dat,Arabica,Caturra,Other,7.75,7.67,7.58,7.58,7.42,7.67,9.33,10,0,83,MODERATE
Vietnam,vietnam tutra,Arabica,Other,Other,7.25,7.58,7.5,7.42,7.75,7.42,10,10,0.11,82.83,MODERATE
Zambia,mubuyu estate,Arabica,SL28,Washed / Wet,7.67,7.08,7.42,7.33,7.75,7.42,10,10,0,81.92,MODERATE
